point,parameter,time,value,reason
AVT1,90%.T,2026-04-12 14:00:00,0.0,вне области метода
AVT1,90%.T,2026-04-16 14:00:00,0.0,вне области метода
AVT1,90%.T,2026-04-24 10:00:00,0.0,вне области метода
AVT1,90%.T,2026-06-11 14:00:00,0.0,вне области метода
AVT1,90%.T,2026-07-07 14:00:00,0.0,вне области метода
AVT1,90%.T,2026-07-16 14:00:00,0.0,вне области метода
AVT1,90%.T,2026-07-17 14:00:00,0.0,вне области метода
AVT1,90%.T,2026-07-19 14:00:00,0.0,вне области метода
AVT1,90%.T,2026-07-22 14:00:00,0.0,вне области метода
AVT1,90%.T,2026-08-08 14:00:00,0.0,вне области метода
AVT1,90%.T,2026-08-09 14:00:00,0.0,вне области метода
AVT1,95%.T,2023-04-17 14:00:00,0.0,вне области метода
AVT1,95%.T,2023-07-19 14:00:00,0.0,вне области метода
AVT1,95%.T,2025-04-30 14:00:00,0.0,вне области метода
AVT1,95%.T,2025-06-18 14:00:00,0.0,вне области метода
AVT1,95%.T,2025-06-27 14:00:00,0.0,вне области метода
AVT1,95%.T,2025-06-30 14:00:00,0.0,вне области метода
AVT1,95%.T,2025-07-02 14:00:00,0.0,вне области метода
AVT1,95%.T,2025-07-04 14:00:00,0.0,вне области метода
AVT1,95%.T,2025-07-07 14:00:00,0.0,вне области метода
AVT1,95%.T,2025-07-15 10:00:00,0.0,вне области метода
AVT1,95%.T,2025-07-16 10:00:13,0.0,вне области метода
AVT1,95%.T,2025-07-18 10:00:00,0.0,вне области метода
AVT1,95%.T,2026-03-27 14:00:00,0.0,вне области метода
AVT1,95%.T,2026-06-14 14:00:00,0.0,вне области метода
AVT2,90%.T,2026-04-24 10:00:00,0.0,вне области метода
AVT2,90%.T,2026-04-28 10:00:00,0.0,вне области метода
AVT2.1,95%.T,2024-06-20 10:00:00,0.0,вне области метода
AVT2.1,95%.T,2024-07-21 10:00:00,0.0,вне области метода
AVT2.1,95%.T,2025-06-05 10:00:00,0.0,вне области метода
AVT2.1,95%.T,2025-06-21 14:00:00,0.0,вне области метода
AVT2.1,95%.T,2025-07-07 14:00:00,0.0,вне области метода
AVT2.1,95%.T,2025-08-07 08:00:00,0.0,вне области метода
AVT2.1,95%.T,2025-08-20 06:00:00,0.0,вне области метода
AVT2.1,95%.T,2025-09-15 08:00:00,0.0,вне области метода
AVT2.1,95%.T,2025-09-25 06:00:00,0.0,вне области метода
AVT2.1,95%.T,2026-03-21 10:00:58,0.0,вне области метода
AVT2.1,95%.T,2026-04-07 10:00:00,0.0,вне области метода
AVT2.1,95%.T,2026-08-07 14:00:00,0.0,вне области метода
AVT2.1,IBP.T,2026-04-23 00:00:00,0.0,вне области метода
AVT3,95%.T,2023-04-18 09:30:00,0.0,вне области метода
AVT3,95%.T,2025-05-15 18:00:00,0.0,вне области метода
AVT3,95%.T,2025-05-18 10:00:00,0.0,вне области метода
AVT3,95%.T,2025-05-30 10:00:00,0.0,вне области метода
AVT3,95%.T,2025-05-31 22:00:01,0.0,вне области метода
AVT3,95%.T,2025-07-03 10:00:00,0.0,вне области метода
AVT3,95%.T,2025-07-18 10:00:00,0.0,вне области метода
AVT3,95%.T,2025-07-31 10:00:00,0.0,вне области метода
AVT3,95%.T,2026-07-02 12:00:00,0.0,вне области метода
AVT3,95%.T,2026-07-03 08:00:00,0.0,вне области метода
AVT3,95%.T,2026-07-03 10:00:00,0.0,вне области метода
AVT3,IBP.T,2026-04-22 16:00:00,0.0,вне области метода
AVT3,IBP.T,2026-04-23 00:00:00,0.0,вне области метода
HT1,50%.T,2023-07-09 10:00:00,2774.0,вне области метода
HT1,95%.T,2023-04-09 10:00:00,0.0,вне области метода
HT1,95%.T,2023-04-13 10:00:00,0.0,вне области метода
HT1,95%.T,2025-05-18 10:00:00,0.0,вне области метода
HT1,95%.T,2025-05-30 10:00:00,0.0,вне области метода
HT1,95%.T,2025-07-18 10:00:00,0.0,вне области метода
HT1,95%.T,2025-07-26 10:00:00,0.0,вне области метода
HT1,95%.T,2025-07-26 22:00:00,0.0,вне области метода
HT1,95%.T,2025-07-27 10:00:00,0.0,вне области метода
HT1,IBP.T,2026-04-25 11:00:00,0.0,вне области метода
HT2,50%.T,2023-06-21 05:04:00,0.0,вне области метода
HT2,90%.T,2023-06-21 05:04:00,0.0,вне области метода
HT2,Mg.Sulfur,2024-04-23 06:30:00,2120.0,вне области метода
AVT1,95%.T,2025-10-06 06:00:00,353.0,дубль выгрузки (< 5 мин)
AVT1,CFPP,2026-06-03 10:00:17,4.0,дубль выгрузки (< 5 мин)
AVT2,50%.T,2026-04-14 08:00:12,239.0,дубль выгрузки (< 5 мин)
AVT2,50%.T,2026-04-26 08:00:34,240.0,дубль выгрузки (< 5 мин)
AVT2,90%.T,2026-04-14 08:00:12,271.0,дубль выгрузки (< 5 мин)
AVT2,90%.T,2026-04-26 08:00:34,266.0,дубль выгрузки (< 5 мин)
AVT2,95%.T,2026-04-14 08:00:12,283.0,дубль выгрузки (< 5 мин)
AVT2,95%.T,2026-04-26 08:00:34,276.0,дубль выгрузки (< 5 мин)
AVT2,D15,2026-04-26 08:00:34,827.7000122070312,дубль выгрузки (< 5 мин)
AVT2,EBP.T,2026-04-14 08:00:12,295.0,дубль выгрузки (< 5 мин)
AVT2,EBP.T,2026-04-26 08:00:34,291.0,дубль выгрузки (< 5 мин)
AVT2,IBP.T,2026-04-14 08:00:12,194.0,дубль выгрузки (< 5 мин)
AVT2,IBP.T,2026-04-26 08:00:34,199.0,дубль выгрузки (< 5 мин)
HT2,95%.T,2026-07-05 10:00:00,351.0,дубль выгрузки (< 5 мин)
HT2,CFPP,2023-03-12 10:00:01,-10.0,дубль выгрузки (< 5 мин)
HT2,CloudPoint,2025-03-17 10:00:00,-4.0,дубль выгрузки (< 5 мин)
HT2,CloudPoint,2025-04-09 10:00:00,-5.0,дубль выгрузки (< 5 мин)
HT2,CloudPoint,2025-11-20 10:00:00,-6.0,дубль выгрузки (< 5 мин)
HT2,I250,2025-04-09 10:00:00,23.0,дубль выгрузки (< 5 мин)
HT2,I250,2026-07-05 10:00:00,15.0,дубль выгрузки (< 5 мин)
HT2,I350,2025-04-09 10:00:00,96.0,дубль выгрузки (< 5 мин)
HT2,I350,2026-07-05 10:00:00,95.0,дубль выгрузки (< 5 мин)
