tag,unit,description,physical_quantity,category,median_running,problems,pair_notes,verdict
D10,avt,Плотность нефти на подаче,"плотность, кг/м3",плотность,,"все значения = 307 (код ошибки, тег неисправен)",,противоречие
F12,avt,Расход 2-го ЦО в К-2,"расход, т/ч",тч,354.7409973144531,,,согласован
F14,avt,Расход 1-го ЦО в К-2,"расход, т/ч",тч,253.36663818359375,,,согласован
F16,avt,Расход бензина от Н-4 в Е-6,"расход, т/ч",тч,55.81944274902344,,,согласован
F19,avt,Расход острого орошения К-2,"расход, т/ч",тч,66.61609268188477,,,согласован
F25,avt,Расход бензина после Т-26,"расход, т/ч",тч,18.64365768432617,,,согласован
F26,avt,Расход пара в К-6,"расход, т/ч",тч,-5.519450664520264,отрицательный расход,,противоречие
F27,avt,Расход пара в К-7,"расход, т/ч",тч,199.6350250244141,,,согласован
F28,avt,Расход пара в К-9,"расход, т/ч",тч,285.2986755371094,,,согласован
F29,avt,Расход пара в К-2,"расход, т/ч",тч,8.502511024475098,,,согласован
F3,avt,Расход бензина на орошение К-1,"расход, т/ч",тч,79.62154388427734,,,согласован
F30,avt,Расход фр. 290-350 с установки,"расход, т/ч",тч,128.2609405517578,,,согласован
F31,avt,Расход нефтепродукта в П-3,"расход, т/ч",тч,540.6319580078125,,,согласован
F32,avt,Расход фр. 240-290 с установки,"расход, т/ч",тч,81.62777709960938,,,согласован
F34,avt,Расход фр. 150-250 с установки,"расход, т/ч",тч,87.13882827758789,,,согласован
F35,avt,Расход ВЦО в К-10,"расход, т/ч",тч,132.2174072265625,,,согласован
F36,avt,Расход СЦО в К-10,"расход, т/ч",тч,132.00302124023438,,,согласован
F41,avt,Расход доп. ВЦО в К-10,"расход, т/ч",тч,76.97558212280273,,,согласован
F45,avt,Расход холодного гудрона в К-10,"расход, т/ч",тч,16.022007942199707,,,согласован
F46,avt,Расход НЦО К-10 (фр. 350-560),"расход, т/ч",тч,105.94994735717773,,,согласован
F5,avt,Расход пара в К-1,"расход, т/ч",тч,-13.858226299285889,отрицательный расход,,противоречие
F53,avt,Расход НЦО К-10 (регулятор),"расход, т/ч",тч,81.8408432006836,,,согласован
F54,avt,"Расход от Н-34/1,2 в К-10","расход, т/ч",тч,22.83746910095215,,,согласован
F56,avt,Расход фр. до 350 с установки (реальный),"расход, т/ч",тч,29.10857582092285,,,согласован
F57,avt,Расход фр. до 350 с установки (виртуальный),"расход, т/ч",тч,33.94513702392578,,,согласован
F59,avt,Расход фр. 420-500 с установки (объемный),"расход, м3/ч",м3ч,198.57752990722656,,,согласован
F60,avt,Расход фр. 350-560 с установки,"расход, т/ч",тч,174.5948028564453,,,согласован
F62,avt,Расход НЦО К-10,"расход, т/ч",тч,105.0345458984375,,,согласован
F63,avt,Расход гудрона на битумную установку,"расход, т/ч",тч,164.3723602294922,,,согласован
F64,avt,Расход 3-го ЦО в К-2,"расход, т/ч",тч,121.05094909667969,,,согласован
F65,avt,Производительность К-2 по отбензиненной нефти,"расход, т/ч",тч,924.619873046875,,,согласован
F68,avt,Расход гудрона с установки (реальный),"расход, т/ч",тч,23.013124465942383,,,согласован
F69,avt,Расход гудрона с установки (виртуальный),"расход, т/ч",тч,51.78578186035156,,,согласован
F7,avt,Расход обессоленной нефти (3-й ход) в Т-4/2,"расход, т/ч",тч,267.5209045410156,,,согласован
F8,avt,Расход обессоленной нефти (1-й ход) в Т-6/1,"расход, т/ч",тч,264.40660095214844,,,согласован
F9,avt,Расход обессоленной нефти (2-й ход) в Т-10/2,"расход, т/ч",тч,212.69779205322266,,,согласован
L43,avt,Уровень в К-10,"уровень, %",уровень,61.01839828491211,,,согласован
P2,avt,Давление бензиновых паров верха К-1,"давление, МПа",давление,3.5170865058898926,,,согласован
P21,avt,Давление верха К-2 (измерительное),"давление, МПа",давление,1.1401338577270508,,,согласован
P22,avt,Давление верха К-2 (регистрирующее),"давление, МПа",давление,1.116926908493042,,,согласован
P23,avt,"Давление верха К-2 (регулятор, ветка B)","давление, МПа",давление,1.11594557762146,,,согласован
P4,avt,Давление низа К-1 в Е-6,"давление, МПа",давление,3.80430006980896,,,согласован
P44,avt,Вакуум низа К-10,"давление, МПа",давление,-0.9002169370651245,,,согласован
P50,avt,Вакуум верха К-10,"давление, МПа",давление,0.9511523246765137,,,согласован
P51,avt,Вакуум верха К-10 (пересчёт в мм рт.ст.),"давление, мм рт.ст.",мм_рт_ст,47.83909225463867,,,согласован
P52,avt,Перепад давления над 4-й пак. насадки К-10,"перепад, МПа",перепад,-0.00022870828979645,,,согласован
P67,avt,Давление верха К-2 (доп. точка),"давление, МПа",давление,1.1160844564437866,,,согласован
T1,avt,Температура верха К-1 (выход на FIRC0955),"температура, °C",температура,127.18423461914062,,,согласован
T11,avt,3-е ЦО после Т-46,"температура, °C",температура,65.40125274658203,,,согласован
T13,avt,1-е ЦО К-2 после Т-30,"температура, °C",температура,85.11985778808594,,,согласован
T15,avt,3-е ЦО К-2,"температура, °C",температура,142.41722106933594,,,согласован
T17,avt,2-е ЦО из К-2,"температура, °C",температура,212.50816345214844,,,согласован
T18,avt,1-е ЦО из К-2,"температура, °C",температура,156.7594985961914,,,согласован
T20,avt,Температура верха К-2 (выход на FIRC0953),"температура, °C",температура,113.8365478515625,,,согласован
T24,avt,Температура перетока К-2 в К-6,"температура, °C",температура,139.23764038085938,,,согласован
T33,avt,Температура низа К-2,"температура, °C",температура,338.3029022216797,,,согласован
T37,avt,Температура ВЦО в К-10,"температура, °C",температура,61.21084022521973,,,согласован
T38,avt,Температура доп. ВЦО К-10,"температура, °C",температура,176.70974731445312,,,согласован
T39,avt,Температура в К-10 над секцией насадки 1а,"температура, °C",температура,209.11737060546875,,,согласован
T40,avt,Температура ВЦО из К-10,"температура, °C",температура,178.13111877441406,,,согласован
T42,avt,Температура фр. 420-500 из К-10 в Е-12,"температура, °C",температура,286.08660888671875,,,согласован
T47,avt,Температура фр. 350-560 после Т-40,"температура, °C",температура,180.26377868652344,,,согласован
T48,avt,Температура низа К-10,"температура, °C",температура,354.91375732421875,,,согласован
T49,avt,Температура верха К-10,"температура, °C",температура,129.02874755859375,,,согласован
T55,avt,Температура на выходе из П-3 (на FIRC2470),"температура, °C",температура,381.6767578125,,,согласован
T58,avt,Температура фр. до 350 от Т-37,"температура, °C",температура,58.706668853759766,,,согласован
T6,avt,Температура низа К-1,"температура, °C",температура,229.2849884033203,,,согласован
T61,avt,Температура НЦО в К-10,"температура, °C",температура,182.0069274902344,,,согласован
T66,avt,Температура перетока в К-9,"температура, °C",температура,254.1434783935547,,,согласован
T71,avt,Температура фр. 290-350 из К-2,"температура, °C",температура,304.3997497558594,,,согласован
W70,avt,Массовый расход фр. 290-350 с установки,"масс.расход, т/ч",тч,100.20032501220705,,,согласован
F1,24-2000,"Расход бензина с установки, объемный","расход, м³/ч",м3ч,3.76060152053833,,dict W10/F1: r=1.00 отн=0.745 -> ок,согласован
F14,24-2000,Полисеп. Расход квенча в реактор Р-202,"расход, т/ч",тч,6.058407545089722,,,согласован
F15,24-2000,"Расход сырья на установку, объемный","расход, м³/ч",м3ч,3401.828857421875,"пара F9/F15 не подтверждена (r=0.37, отн=0.065)",dict F9/F15: r=0.37 отн=0.065 -> нет,противоречие
F17,24-2000,"Расход гидроочищенного ДТ в цех №8, массовый","масс.расход, т/ч",тч,265.63232421875,"данные указывают на объёмный расход, справочник - противоположный",hyp F19/F17: r=0.97 отн=0.810 -> ок; dict F17/F26: r=0.93 отн=1.027 -> ок,противоречие
F19,24-2000,К-201. Расход бензина в колонну,"расход, т/ч",тч,214.9911193847656,,hyp F19/F17: r=0.97 отн=0.810 -> ок,согласован
F2,24-2000,Газовая схема. Расход газа на линии от ЦК-201,"расход газа, нм³/ч",нм3ч,93302.3203125,,,согласован
F22,24-2000,"К-201. Расход газа поддува на входе, объемный","расход газа, нм³/ч",нм3ч,11143.7763671875,,,согласован
F25,24-2000,Расход свежего ВСГ с КЦА на установку,"расход ВСГ, нм³/ч",нм3ч,13203.921875,,,согласован
F26,24-2000,"Расход гидроочищенного ДТ в цех №8, объемный","расход, м³/ч",м3ч,258.4142150878906,,hyp F9/F26: r=1.00 отн=0.850 -> ок; dict F17/F26: r=0.93 отн=1.027 -> ок,согласован
F9,24-2000,"Расход сырья на установку, массовый","масс.расход, т/ч",тч,219.6433868408203,,hyp F9/F26: r=1.00 отн=0.850 -> ок; dict F9/F15: r=0.37 отн=0.065 -> нет,согласован
P13,24-2000,Полисеп. Р-202. Давление на входе,"давление, МПа",давление,3.922438144683838,,,согласован
P24,24-2000,К-201. Давление на выходе колонны,"давление, МПа",давление,0.585429847240448,,,согласован
P3,24-2000,Полисеп. Сепаратор С-201. Давление на входе,"давление, МПа",давление,3.660928010940552,,,согласован
P8,24-2000,Реактор Р-202. Перепад давления,"перепад, МПа",перепад,0.1775093525648117,,,согласован
Q20,24-2000,"Поточный анализатор серы в ДТ, Н-202/1,2","сера, ppm",сера,8112.513916015625,,,согласован
Q21,24-2000,Поточный анализатор серы в г/о ДТ,"сера, ppm",сера,8.428970336914062,,,согласован
T11,24-2000,Полисеп. Трубопровод на выходе из Р-202. Температура ГСС / продукта,"температура, °C",температура,364.05853271484375,,,согласован
T12,24-2000,"К-201. Температура верха колонны, бензин, УВГ, H2S","температура, °C",температура,186.6533050537109,,,согласован
T16,24-2000,Блок стабилизации. Температура в сепараторе С-205,"температура, °C",температура,35.2651481628418,,,согласован
T18,24-2000,"ВАК. Температура вспышки ГОДТ, аналитический показатель",°C,температура,68.3160629272461,,,согласован
T23,24-2000,"К-201. Температура низа колонны, стабилизированный гидрогенизат","температура, °C",температура,235.5116424560547,,,согласован
T5,24-2000,Полисеп. Р-201. Температура ГСС на выходе,"температура, °C",температура,370.3641662597656,,,согласован
T6,24-2000,Полисеп. Р-202. Температура ГСС на входе,"температура, °C",температура,363.2904052734375,,,согласован
W10,24-2000,"Расход бензина с установки, массовый","масс.расход, т/ч",тч,2.8093955516815186,,dict W10/F1: r=1.00 отн=0.745 -> ок,согласован
W4,24-2000,К-206. Массовый расход бензина в колонну,"масс.расход, т/ч",тч,2.593061208724976,,,согласован
W7,24-2000,"К-201. Расход газа поддува на входе, массовый","масс.расход газа, т/ч",тч,0.1730642616748809,,,согласован
