model,point,verdict,r2_train,r2_test,mae_raw,mae_calibrated,mae_persistence,n_train,n_test
AVT6:240-350:D15,AVT2,не пригодна,-5.81942174124272,-10.348340976164536,14.358943273855628,3.107340170264598,2.508773000616776,53.0,58.0
AVT6:240-350:D15,AVT2.1,не пригодна,-5.748243060736822,-2.03603722409506,9.06137296748506,2.4997433097802477,3.896610169491523,56.0,60.0
AVT6:240-350:D15,AVT3,не пригодна,-0.02156143512041231,0.166746901350047,1.3879640508769937,7.2112115354433906,2.0770062255859374,101.0,101.0
AVT6:240-350:T50,AVT2,не пригодна,-9.336832207031078,-27.491016875449347,30.160877561543103,6.828381559583665,3.6747967479674797,52.0,124.0
AVT6:240-350:T50,AVT2.1,не пригодна,-29.399962123503432,-18.99979817593478,22.882103205979,6.288648139525597,4.228813559322034,45.0,119.0
AVT6:240-350:T50,AVT3,не пригодна,0.393641181027402,0.03295229414126488,4.440920928856887,4.880848980981969,5.658536585365853,684.0,534.0
AVT6:240-350:CFPP,AVT2,недостаточно данных,,,,,,0.0,0.0
AVT6:240-350:CFPP,AVT2.1,недостаточно данных,,,,,,0.0,0.0
AVT6:240-350:CFPP,AVT3,недостаточно данных,,,,,,0.0,0.0
AVT6:240-350:EBP,AVT2,не пригодна,-16.114381135012046,-52.67166616008007,70.5484185133583,12.011292938250923,7.461538461538462,53.0,144.0
AVT6:240-350:EBP,AVT2.1,не пригодна,-323.95257488088885,-790.6559200735718,55.24251051993133,3.586225938308773,1.378787878787879,56.0,133.0
AVT6:240-350:EBP,AVT3,не пригодна,-61.443285121569915,-121.46069037538007,53.500099465185535,5.623277493928315,3.7332185886402756,684.0,582.0
AVT6:350-500:ViscosityK,,нет сопоставимого показателя ЛИМС,,,,,,,
AVT6:350:CFPP,AVT1,недостаточно данных,,,,,,0.0,33.0
AVT6:350:T50,AVT1,не пригодна,0.0596365123474063,0.21401181779876421,4.805898978579602,6.161001335801986,6.157894736842105,305.0,153.0
AVT6:350:I350,AVT1,не пригодна,-0.24606005704757328,-0.035569681240839035,14.67181202081473,32.111733539137454,15.464285714285714,15.0,57.0
AVT6:350:D15,AVT1,не пригодна,0.014924563862368956,0.10574098841102963,1.9746914861833094,2.827084953507764,3.1891267195991846,111.0,47.0
24-2000:GODT:T90,HT2,не пригодна,-5.346381857848731,-2.5881597868629935,10.44996395485581,6.098053621101234,4.250489236790607,678.0,512.0
24-2000:GODT:T50,HT2,не пригодна,-1.0277771205777357,-1.9053864645165723,6.674435006459713,4.268369492376516,2.810916179337232,693.0,514.0
24-2000:GODT:I250,HT2,не пригодна,-0.8231856881265873,-0.39712665631183475,4.288729201534604,3.920608780661301,2.413255360623782,676.0,514.0
24-2000:GODT:D15,HT2,не пригодна,0.4083432520612935,0.33919556358313163,1.7829267119757715,1.5809234282646252,1.3809363323709238,675.0,300.0
24-2000:GODT:CloudPoint,HT2,не пригодна,-3.349138925411604,-10.527263131972543,4.4900582403882785,1.3527425646032696,0.9305555555555556,660.0,433.0
24-2000:GODT:CFPP,HT2,не пригодна,-41.59268457195457,-53.93099688993917,11.468758821217497,1.2350920671798917,1.0751445086705202,169.0,174.0
24-2000:GODT:T95,HT2,не пригодна,0.2128756595691137,0.2915538261687215,4.741893865059183,5.2976164001852215,5.22463768115942,685.0,553.0
24-2000:GODT:IBP,HT2,не пригодна,0.12394340267611414,-0.35759083796132907,6.1428005276659805,4.58760104370164,5.208984375,656.0,513.0
